{"initial_reset_timestamp": 1602773642.9609568, "timestamps": [1602773645.8760536, 1602773646.153962, 1602773646.270923, 1602773646.4078784, 1602773646.5658264, 1602773646.6647944, 1602773646.7577636, 1602773646.8607297, 1602773646.965695, 1602773647.0966525, 1602773647.213614, 1602773647.3385723, 1602773647.4675305, 1602773647.5744944, 1602773647.6874578, 1602773647.7864256, 1602773647.8723967, 1602773647.98636, 1602773648.100322, 1602773648.1872938, 1602773648.2662675, 1602773648.3562381, 1602773648.4702003, 1602773648.56217, 1602773648.6326535, 1602773648.705629, 1602773648.8055966, 1602773648.8855703, 1602773648.9725413, 1602773649.0555136, 1602773649.1384864, 1602773649.2274582, 1602773649.3034327, 1602773649.3974016, 1602773649.5293589, 1602773649.6473196, 1602773649.749286, 1602773649.8532526, 1602773649.9442225, 1602773650.0461893, 1602773652.0921104, 1602773652.360022, 1602773652.4429946, 1602773652.5089731, 1602773652.5809493, 1602773652.664922, 1602773652.7338994, 1602773652.795879, 1602773652.8758523, 1602773652.9808183, 1602773653.0697887, 1602773653.1417654, 1602773653.2317352, 1602773653.3277044, 1602773653.408677, 1602773653.4786544, 1602773653.5756223, 1602773653.6775894, 1602773653.7415679, 1602773653.8245409, 1602773653.9325051, 1602773654.036471, 1602773654.13144, 1602773654.239405, 1602773654.3623638, 1602773654.4663296, 1602773654.5503027, 1602773654.6442716, 1602773654.7422392, 1602773654.8332086, 1602773654.9361749, 1602773655.0211475, 1602773655.0911243, 1602773655.1641, 1602773655.2310781, 1602773655.3150501, 1602773655.3980236, 1602773655.4630015, 1602773655.5489736, 1602773655.6239486, 1602773658.0922194, 1602773658.3700743, 1602773658.4770389, 1602773658.5860026, 1602773658.6819713, 1602773658.7659438, 1602773658.8779254, 1602773658.9828908, 1602773659.0629022, 1602773659.1328793, 1602773659.222869, 1602773659.3198593, 1602773659.3998322, 1602773659.478807, 1602773659.56178, 1602773659.659764, 1602773659.7617972, 1602773659.8428283, 1602773659.912805, 1602773660.000812], "episode_lengths": [70, 94, 98, 123, 114, 63, 93, 90, 97, 113, 90, 105, 108, 79, 91, 78, 75, 120, 83, 70, 67, 88, 99, 65, 62, 64, 80, 66, 90, 59, 85, 76, 57, 101, 78, 83, 91, 88, 76, 102, 67, 95, 58, 61, 70, 68, 52, 54, 84, 99, 65, 59, 92, 68, 71, 52, 107, 60, 51, 87, 92, 90, 79, 82, 91, 86, 64, 91, 67, 91, 103, 64, 69, 70, 55, 98, 64, 57, 99, 55, 93, 97, 79, 98, 69, 74, 99, 83, 58, 60, 72, 86, 55, 71, 75, 94, 77, 51, 65, 75], "episode_rewards": [-60.12497823665217, -378.21896946419065, -160.52277186813998, -136.15591367667386, -438.3845036049424, -131.51392514414408, -292.7633213439556, -30.36045871042481, -89.28871609727015, -546.6966987635925, -108.55475106363204, -32.611059421968946, -279.0020469181037, -100.7800397581606, -406.06713848428836, -281.3674066649278, -91.481902884818, -164.49544043774011, -154.49028436482678, -167.29642937200575, -93.83174908160396, -178.33648876975641, -220.5278849568258, -131.4341154270902, -153.3745013312398, -236.42780249696696, -226.73880152630215, -150.2325679269541, -304.85459260901405, -93.82876310520447, -127.37806724072703, -253.26681064916482, -120.121959122612, -100.42378532138525, -91.66090673234818, -137.36123927097378, -126.5089782518744, -145.21576031766014, -249.59696947004906, -123.99532926005178, -174.60447235508246, -116.73957504222656, -271.3261469593902, -79.43436978638746, -169.3471159511208, -119.82410087554906, -94.74931676288361, -144.05078789651685, -196.4611998403809, -385.85632224552273, -96.36441320360807, -168.58857001324162, -189.70193808408786, -313.4413032899504, -147.23495856909994, -93.43479015395225, -220.65911318237437, -95.13691556150725, -155.84326716537828, -127.69972516963658, -344.89269960154286, -108.10492344351852, -166.06273805356565, -408.5467088606798, -160.953747827205, -200.01135402660557, -129.22125914322712, -117.90130884034468, -111.25947048441827, -22.25873221040112, -249.2710756163682, -107.69362346443269, -158.76986006294436, -205.49880547924326, -121.5712013663353, -437.7101318629345, -238.74691767086333, -162.22149657361336, -382.8570200083609, -105.52766431251283, -133.36281806633446, -185.85465752548143, -203.5450232533128, -33.670971252060895, -152.48035881762934, -130.20850090843555, -90.63075467567711, -121.62739308238869, -187.19152400020903, -126.45389124704688, -136.06609625009267, -127.47323064302917, -135.9812727859816, -310.4872598554713, -179.3184738956025, -211.36692323994248, -10.500047719073024, -138.26292538398042, -73.78890664024769, 4.01748518162448], "episode_types": ["t", "t", "t", "t", "t", "t", "t", "t", "t", "t", "t", "t", "t", "t", "t", "t", "t", "t", "t", "t", "t", "t", "t", "t", "t", "t", "t", "t", "t", "t", "t", "t", "t", "t", "t", "t", "t", "t", "t", "t", "t", "t", "t", "t", "t", "t", "t", "t", "t", "t", "t", "t", "t", "t", "t", "t", "t", "t", "t", "t", "t", "t", "t", "t", "t", "t", "t", "t", "t", "t", "t", "t", "t", "t", "t", "t", "t", "t", "t", "t", "t", "t", "t", "t", "t", "t", "t", "t", "t", "t", "t", "t", "t", "t", "t", "t", "t", "t", "t", "t"]}