{"initial_reset_timestamp": 1602853341.3279347, "timestamps": [1602853345.4321966, 1602853345.6826391, 1602853345.7936037, 1602853345.8935711, 1602853345.9745433, 1602853346.0625145, 1602853346.148487, 1602853346.253452, 1602853346.3444216, 1602853346.4293938, 1602853346.5223632, 1602853346.6093347, 1602853346.736293, 1602853346.8462567, 1602853346.9332287, 1602853347.0551882, 1602853347.1831462, 1602853347.2971082, 1602853347.6285057, 1602853347.8194427, 1602853347.963395, 1602853348.1003506, 1602853348.2153122, 1602853348.3152785, 1602853348.4212441, 1602853348.510216, 1602853348.614181, 1602853348.7521358, 1602853348.9100852, 1602853349.0250463, 1602853349.1110175, 1602853349.2589693, 1602853349.40692, 1602853349.5008895, 1602853349.5738654, 1602853349.6628366, 1602853349.7568066, 1602853349.857772, 1602853349.954741, 1602853350.1146884, 1602853350.3031545, 1602853350.4146235, 1602853350.5865679, 1602853350.7695074, 1602853350.9664426, 1602853351.1179, 1602853351.2373679, 1602853351.360327, 1602853351.475289, 1602853351.8161778, 1602853352.0191107, 1602853352.17206, 1602853352.363172, 1602853352.490332, 1602853352.5993297, 1602853352.6953337, 1602853352.7953928, 1602853352.8964133, 1602853352.9974322, 1602853353.0874217, 1602853353.1994195, 1602853353.2994452, 1602853353.388457, 1602853353.5054874, 1602853353.5964754, 1602853353.7174358, 1602853353.877437, 1602853354.0063958, 1602853354.1004386, 1602853354.1804345, 1602853354.2934632, 1602853354.4189484, 1602853354.5259128, 1602853354.6178832, 1602853354.728846, 1602853354.8388104, 1602853354.9647694, 1602853355.0657349, 1602853355.1796982, 1602853355.2966592, 1602853355.3856292, 1602853355.6326632, 1602853355.9796164, 1602853356.2820725, 1602853356.467517, 1602853356.6154695, 1602853356.7454262, 1602853356.9243674, 1602853357.3434296, 1602853357.955228, 1602853358.1951494, 1602853358.3141108, 1602853358.4550645, 1602853358.635004, 1602853358.8449354, 1602853358.9958863, 1602853359.16683, 1602853359.2837915, 1602853359.4577343, 1602853359.6106842, 1602853359.8016214, 1602853360.1125193, 1602853360.305456, 1602853360.4913945, 1602853360.741454, 1602853360.9754136, 1602853361.1543708, 1602853361.3093412, 1602853364.1218958, 1602853364.6652172, 1602853364.8651516, 1602853365.0470915, 1602853365.1840465, 1602853365.3070056, 1602853365.4714735, 1602853365.6484153, 1602853365.8033645, 1602853365.9443183, 1602853366.094269, 1602853366.215229, 1602853366.361181, 1602853366.4721444, 1602853366.5951037, 1602853366.716064, 1602853366.8320265, 1602853366.9509878, 1602853367.0849426, 1602853367.2268958, 1602853367.3348608, 1602853367.4318285, 1602853367.5208, 1602853367.643759, 1602853367.7737176, 1602853367.8916774, 1602853368.0041466, 1602853368.112111, 1602853368.2470667, 1602853368.3760245, 1602853368.5089808, 1602853368.6549325, 1602853369.8600216, 1602853370.9999409, 1602853371.3828156, 1602853371.5447621, 1602853373.4791257, 1602853374.080975, 1602853374.2869308, 1602853374.4538758, 1602853374.7007947, 1602853374.9387164, 1602853375.1106598, 1602853375.3640845, 1602853375.5640187, 1602853375.7119699, 1602853375.9488914, 1602853376.123835, 1602853376.2767851, 1602853376.5312455, 1602853376.723182, 1602853376.9681017, 1602853377.1550395, 1602853379.5477865, 1602853380.1046028, 1602853380.3205323, 1602853380.4844778, 1602853380.7233994, 1602853380.8813472, 1602853381.043295, 1602853381.2042415, 1602853383.2602003, 1602853383.7335365, 1602853383.8654928, 1602853384.0169494, 1602853384.1818953, 1602853384.2883663, 1602853385.8357563, 1602853386.3351789, 1602853386.4481425, 1602853386.5491085, 1602853386.6460764, 1602853386.7250504, 1602853386.7950273, 1602853386.8999932, 1602853387.0234594, 1602853387.14342, 1602853387.240387, 1602853387.3193614, 1602853387.3813415, 1602853387.4503186, 1602853387.5292928, 1602853387.6042678, 1602853387.6902397, 1602853387.768214, 1602853387.8481877, 1602853387.9461558, 1602853388.0296376, 1602853388.1306047, 1602853388.2280748, 1602853388.2900548, 1602853388.3740268], "episode_lengths": [106, 82, 127, 79, 84, 89, 89, 118, 72, 97, 92, 86, 112, 105, 75, 124, 115, 94, 112, 70, 79, 125, 75, 92, 76, 89, 101, 131, 121, 82, 77, 165, 114, 78, 69, 86, 81, 92, 87, 134, 66, 65, 114, 138, 112, 105, 84, 122, 92, 134, 75, 90, 170, 73, 91, 95, 94, 95, 97, 83, 127, 71, 91, 108, 82, 108, 125, 101, 75, 83, 108, 89, 93, 89, 88, 105, 105, 84, 120, 108, 67, 169, 160, 145, 132, 94, 104, 174, 319, 149, 169, 87, 157, 163, 162, 142, 180, 84, 197, 124, 211, 306, 126, 208, 231, 223, 145, 145, 1000, 196, 169, 150, 130, 115, 138, 149, 117, 143, 111, 120, 150, 86, 139, 115, 116, 116, 146, 138, 97, 97, 90, 132, 101, 83, 120, 102, 155, 118, 135, 142, 704, 656, 196, 138, 1000, 201, 162, 164, 258, 189, 160, 258, 157, 145, 241, 138, 162, 231, 146, 256, 144, 1000, 237, 193, 144, 234, 116, 187, 142, 1000, 78, 138, 111, 81, 99, 1000, 117, 104, 99, 103, 70, 74, 122, 107, 112, 96, 74, 61, 80, 84, 75, 98, 71, 86, 84, 75, 100, 74, 61, 100],